phoneNo,username,password,hashedPassw,email,age,genrePref,loyaltyPts,roles,seatPref
88999886,acalafato1x,E1BQ8CU1e9,b322959e3d2762be6ad6c87a2ad821dca3424634e9759c8fdd6820db55aea3e8,icrocombe1x@alexa.com,45,Documentary,322,Customer ,back
94253426,acrossingham2l,InEB2qXkzKm,f55c46dd66d8937d1c88ea7280561982189041a5b13799ddc26ad5668b9f942d,pmcairt2l@jimdo.com,6,Thriller,513,Customer ,centre
90204648,agluyus10,evlW6t,13427f0673a23e09ed410ba8564954738bf90dedd2aeb6127715e8d16f962fc2,tgluyus10@mediafire.com,69,Comedy,981,Customer ,center
82050373,agoade,QpSS0mKnhxkk,74ae37f6969e611f9c8c51565adf9af9dc55107bd9a27dd71c64f5ca10dd9eb7,bgoade@amazon.de,67,Crime,302,Customer ,front
81014510,ahixson14,GOlOKA2Bmhn,4a04950fc91d3415e33a73a1890f925722c2a3ad7543d7a15094253890d9ff66,lgrogono14@histats.com,82,Drama,922,Customer ,none
80416374,amackness1,fLACzbbxd,41d7c661e791b2ba5a6562c2cf118f72c49474fd3210925e59f16f7c67ca5b0b,imackness1@wordpress.org,5,Comedy,261,Customer ,front
87911756,aoscannill26,UeCtIvGy,1a8cf21b3eeebf14b7e8b92707321c9b68463027d7cd80beffa8d8d5fe2c3b6e,vheardman26@mtv.com,51,Comedy,883,Customer ,front
95658170,atansleyc,cgg9uizz,99ffe9152aca278e752ff6b26c382954db29b3bdd3d9de5392c467d410fc1a4d,kwillattsc@noaa.gov,22,Horror,474,Customer ,none
97199523,awattinham18,A5IRIKuPmuuP,1ee08f02e713ca367a6f903b8cdab03156bea2e067a0ad2799a24c85d1b30cb2,dmusprat18@ted.com,52,Drama,92,Customer ,front
99400509,bdambrosio1h,9waXSwky,885f761c25471c838cbfb6c4b894c5b82f0342764b79cc19f018b42cd8ce6b59,dpowland1h@artisteer.com,84,Documentary,903,Customer ,none
93107448,bgilchrest1v,32Qbqi6,b4eef0e5d1187dac670165ecc96d8c20f035cdce142ec2448162a9226435a5d9,pwark1v@un.org,56,Fantasy,786,Customer ,front
90384153,bhairyes2p,BJLNEOKSrf,70867966c198fdf9a0056a40d773eef5e00e8391a2e889b18ade29570b33f5b1,mdrysdall2p@abc.net.au,55,Drama,865,Customer ,center
91526557,bhorbath2h,vGJtfNnY9F,957fb42e4a6f1577fd281f9833c5f2ca29e5e0db3ed8cb2e6c4068f581125939,cnutting2h@cam.ac.uk,20,Drama,542,Customer ,center
85669927,bmathewson1z,GsxSOFo,5cdba10fe992a436209c9f9061ebb726ca5c9e1a30056c9810442a34e892e945,bjoseph1z@typepad.com,64,Drama,23,Customer ,front
86368870,bminterv,RprXkifSSs,51117397f910cd78967a3b4917a6c859945a4a7927090dfc051e07e6e360dc02,cclissettv@indiegogo.com,81,Documentary,477,Customer ,center
88260384,bmuston15,AkCEOorBc0D0,4b4ff948b77f9bca76d5c37c643475b693f76d2dad92f8c1331d4be62f416e01,lputterill15@wordpress.com,52,None,0,Staff,none
87002613,btuer2n,MqiyCjM7KMz,e7f5ea5f0e5efeed2b0db970de51cf25c7da3ace93419fbc622e28e12c7000a9,eblackledge2n@imgur.com,45,Comedy,498,Customer ,back
88369025,cdickie2j,E7aVZeWtHHC9,de017288dd8f0c1dd0631929c7f33ddc0a01324c50bd0073f858e024297f2120,ebriscam2j@yale.edu,49,None,0,Staff,none
88100004,cflewittg,KcTIhABlX03s,fe250ff67a6e5e78ee041162111f45900c131f26aa6901107e766e8fc79391ba,cwedgeg@guardian.co.uk,31,None,0,Manager,none
94502315,cheditch2r,RtErBHlm1cjV,bc6ad67ce5ea805297269036b4e2712974ef8fda7792c2e8462dbed9eaa9be99,cbellfield2r@naver.com,57,Adventure,153,Customer ,none
89156711,cheildsj,tIYxLDR3p,23ace6b0ae429da9074a4b58dab077f88d4d94129bb06ff6c2660146ec035867,cvankeevj@time.com,39,None,0,Admin,none
85647281,chonywilln,JUoto3M64Hp,08f5e324454577eac499917b51f59d712fa36f7dd72a415d1d889b6ce36a9b9c,hhonywilln@craigslist.org,7,Drama,228,Customer ,centre
93939657,ckonneke1b,70vEbY2j9A,2c3ada81138e7375f1d428a7b76684cdb08a0d54714f54370fe94131a9373f33,fwaind1b@surveymonkey.com,75,Action,853,Customer ,front
91852754,cmelato28,jdaSsNMP,3989116a55466cf7f70a2988320b0ac0a9fd87b062d40550cd2abefb504f503b,vmelato28@exblog.jp,93,Action,950,Customer ,back
96900162,crosson9,Gwz2OCP3a,4d248efb678cdcf1f4e331e84ce277a459a140846b39a09cf7ccf3d60546b7f4,jsoftley9@google.de,52,None,0,Staff,none
84121166,cskellen1r,mkBxaFfY,f3666370d56121eddd75bcb16d9dcca87472303fad09e0d56ae5530b12626b92,dridolfo1r@berkeley.edu,43,Fantasy,269,Customer ,center
91228787,ctenant1e,aGZsIN,1eedda9ec1ed6af82f58055049432e234eb67f02221b1aaf4d0b91a1a9075338,jjozwiak1e@alibaba.com,44,None,0,Staff,none
86596667,ctwist2a,4LyOstrNTaxY,af85567279a8bba4d01a4ff80e6de43cbad65a2199f490103ee1762986c577e9,jdines2a@flickr.com,20,None,0,Staff,none
99814416,cwiggington2d,GLULWh7,c275fc14754201f5a79df79f50993198585df249dc974c8d23d8f27f45880dfd,cbrimacombe2d@dmoz.org,79,Horror,71,Customer ,none
97716417,dcostock21,zXJUc2bTiMx,5f4d858610119fb4eaa21cd8ca25bdd87ab4af7f4d5d9094050386178244aa14,pianitti21@imgur.com,88,Horror,135,Customer ,none
90738496,ddun2b,u9jaR0C,5785eea2e1d974cf5edda97c639765a4f978abdd908612bb00ffb96bacc79c0d,gfitzsymons2b@dailymotion.com,79,Drama,669,Customer ,none
99813438,dhamments2k,9zWtJh,3b24ccb85b2054609fec380e9a9604e9240bbb4cf575c6bb732c2d02b250bfff,tmcgilvra2k@slideshare.net,28,None,0,Staff,none
81344165,dmutimer1n,vS8PDsv5cxv,0b383978d911293e7e4df98eb8faccc058cb31e580cd06c5fabfcf22b0e26903,hoakshott1n@yellowbook.com,30,Animation,349,Customer ,none
98852597,ebozier17,rfU4fRDnx,410036f2c5e84b296ce5b346d6117e7cb8e55ac3217ed95693722d6f3af146d5,cspurden17@multiply.com,49,Crime,396,Customer ,center
84747123,edumbleton1t,o9ACr1,163e6c577305b8ee81920ea0ac7d61c9c90b276992ed1dcd7a408cb266f012c5,dmcgaughay1t@dion.ne.jp,7,Drama,174,Customer ,none
82359639,ehebblewhite1o,e3qQkn,6fa4372680476864357188c5fdde6c017c2aacc32d8a2b38ea3ec1328f6e5596,mcaudrey1o@hibu.com,74,Comedy,967,Customer ,center
98920585,equest0,v9jq7xhaHCRF,bb738906ef5e1a6fedd13fb64cc7fb835cdb24fb1af9c2ec1ae0c1fb4bd169e5,gquest0@spotify.com,72,Adventure,103,Customer ,back
85258829,eshutt2g,v1RdphONe,c2654bcb2599438e754b338ae80eac33fa09390695168d58eb02f00e8f40d9e9,dbruyntjes2g@wikispaces.com,66,Drama,702,Customer ,back 
92592387,fcotelard22,w5JcJrJ3NF,f00ddf76c40b758ae64ebb671d27efd6ec7dcadefcd1508ff2dd195e58ffe3f2,cfrain22@oaic.gov.au,69,None,0,Staff,none
91378635,fpulley12,PJzRlPI2Tyas,fd36a5d1b6b675b057c567a38305521824d4d2c1a3ff7692d052232e43074ffc,smacgill12@friendfeed.com,92,Action,962,Customer ,none
88071606,frichfielda,GTpbAu,58e6bea1edf4e0bfdcd7a9d2bad800e44d3c2c0455706c77cbc9899d07d759cc,mrichfielda@state.gov,24,Comedy,257,Customer ,none
88748262,gacosta1y,hgfRpu3tntKu,be126262687e91793f64c12e42a93bec680ae749ea9951583a2f86c4e636e69e,dliger1y@icq.com,74,None,0,Staff,none
96672972,ggrcic1m,aglHrHPgO,828f6fb5fdbc49f464739ef77e72cea62db9f823ce761207923e24b6ee409b1b,bpablos1m@apple.com,14,Drama,763,Customer ,none
88884822,ghewsi,gPQLIQhzaf,902a25062ef0ffb981d6658300482332ae6cf93841c0ec0807be34b6e0222a68,lvlasini@wp.com,13,Action,204,Customer ,center
97944924,gmansker,f25Rp22v,6c73197f8238914e8d8e222d8fed922f7125381b0407b0e435b17a641f487743,thasseyr@wikipedia.org,43,Documentary,404,Customer ,back
97767754,gtattersill2q,adaGpK9x6H,19b968abdee8453d3112a1fb3721a4c8a76b75199a214f74b3a828709573fe69,selland2q@cnn.com,72,Drama,978,Customer ,back
94748305,gyeldham2f,pVGMklN5W,f997caec4c12664f6c819368368436794698446451fd76da6c6ed22dfcaa1279,sedworthye2f@rakuten.co.jp,87,Comedy,805,Customer ,none
84771797,hdegenhardto,X6jMq05x,f9c74970b1a5359ebee4939fef16a8419606b4d681391a0306d59a09c2d1f9d3,sgalbretho@photobucket.com,15,Comedy,889,Customer ,front
89840627,hmanthroppe1s,YYeDb2,98982f05ec6b7bc2e1ed8c0143763ff8a7c276aa76b3112acb25b1156053bc57,hcullity1s@exblog.jp,85,Action,866,Customer ,center
96023727,iilyushkin25,ZiMMJOgA,150a77456f3492f0af64708586c9b23a35b9deab580c794b063ca7c95f1ee1d0,wrosone25@abc.net.au,65,Action,324,Customer ,front
80464834,jpraundlinb,JpgVrc38atWy,00fed42df42984fd89702966f9130e53748bdf7503bc22f753db351e91da3749,rfransemaib@bravesites.com,31,Romance,685,Customer ,front
94112936,jreglar1w,U2ZaKjtBWv,77be63d5d0956ff1df875cd984395bf87c577231f2ae5eb6bc755f7a6f7f0833,gglowach1w@indiatimes.com,51,Documentary,486,Customer ,back
86165122,jshelley8,cJRzhMCplIi,beaf9034c4326c7624be2130934dd4688ac0b0715a027141716e149501d2fe2b,lcranney8@topsy.com,32,Drama,794,Customer ,center
92405327,jstuckow7,srXRe7rgpO6,ea3ffd932effef7051424840539d9d42c52ca6d8aeef33485c7cec36fdd278de,croe7@xinhuanet.com,83,Action,39,Customer ,back
82019995,jwoollacott4,CpPR0vc6zc,c73837a9c3b0b5873a780e6ee456de45181fc8922951a80d582cbce5b7eacd30,tiscowitz4@earthlink.net,85,Mystery,473,Customer ,none
83013644,kazam1f,sgHPixzP74q,a341209f51c08789e6a02aab1940c4844ddaaee6448d08c46075bd0746cd281a,enorthidge1f@elegantthemes.com,28,Comedy,766,Customer ,centre
90842892,kbagshawe1d,i6uZhhoLYT,549e2a0afddbab1e58c7e6ff162a1022da5226b8d8ecf319e4fc642dc415ec5f,aklampk1d@foxnews.com,96,Action,997,Customer ,none
80485058,kgaylerf,5rcWlWQw,10977ccd1cff96b5685a853f0d5879978f4312fac2b04ed37bceeb3ca28bf371,dmarinf@miibeian.gov.cn,32,Drama,473,Customer ,back
95088905,kharvett2,we9P5gKR,3b5cbde116f5afc328f345ae6fe2db340874bdee5970dea96078f6c94e1ac0fe,gelger2@exblog.jp,67,Comedy,801,Customer ,center
92383241,kknighty,Gsxz2uKZd2Jx,e0250370d056dfca4f3dd7859b34161e388042d0caa8a1ad00c8f20fe8d09164,hgeggy@newsvine.com,65,Action,908,Customer ,center
92474810,kshortelll,7ZNhyWo,758a6ff1416e9b183530d165fa5d60b21e811d15a11bdf324c2292bb695938a7,hdorricottl@admin.ch,43,Drama,305,Customer ,none
93871563,lcapenor1q,U20yHnH8,fb29e968603603d6ed3ca86a9e1465f78eaec042ca61ec448b404883dce0174b,bhucker1q@howstuffworks.com,18,Drama,147,Customer ,back
91353109,lgoodridge6,7lkeegY,a2eac5fddf2154823a326d8a13fbc6976bbb071872fde1f515949176fc2bd5f1,dgoodridge6@yahoo.co.jp,96,Crime,753,Customer ,none
80887249,lmillions2i,rn8TF2,267d7a91058aeacff90740b9af8a7c34c48b866dd34a6e41be5ab8c5eef97ab7,mgiacopello2i@altervista.org,50,Comedy,63,Customer ,back
85560197,lraynes27,8c1ndnl,a93d9be0c040ef70f8acdab1cea47f1d639723ca3ab9a269c008f6db6aeb6364,mrainforth27@admin.ch,38,Comedy,228,Customer ,front
97933407,lvargat,vE9EaUi,477eb9a80390995aeb453110a7f4a191020973f071f015e43526cc451d37ab37,kbedburyt@tinyurl.com,44,Comedy,646,Customer ,back
86761157,mkeast1u,zMu6aDn,8f59e32bf56fb8be869ef2654240608a4f860d85680502032e6b583cc7754d64,cbrafferton1u@e-recht24.de,18,None,0,Staff,none
85324809,mmcarleyw,rkUT7lZ,62b1b1f6f5fadb09d5a1862f23d7024a2307a5b67776639359bb8ff9f6d06edf,sgarteryw@si.edu,96,Animation,309,Customer ,none
84468932,mniavesz,iL7iqv4MSj,064af03a4da213ff4debd8c3e34cce46387e38f26c44d52d16e1f19359f9cb3e,mniavesz@eventbrite.com,12,Crime,912,Customer ,centre
92056088,mreicharzq,oIan14Ya4oJD,a4fbb1ac3634d5679bff78234110609cf02055caeb7b054acb7a0565d8a5148a,ebradderq@bizjournals.com,31,Action,1,Customer ,front
89477929,msearsh,GyxG3Y,01712a061a05d9d8074a181ee36ad5804264de8f381356354008eca85607e60f,ubrameldh@example.com,17,Documentary,36,Customer ,front
81325583,mtomasutti19,rQWCgdC,b2a087a9ef680b1d55f0f791a0db42a3f8312163fb3d7743c5526e7a977157a7,dmurby19@chronoengine.com,88,Documentary,264,Customer ,center
94685864,nbearns2e,fofniGt,78d99c68e0dbf0238968e96e115ab4a1ab52874dd7988c6373cfc7a9ac2b4f13,mlangham2e@1und1.de,24,Adventure,502,Customer ,front
86719492,ncromleholme24,YDl0W5o8X,6fdbd815e0b5078f2b10615f1a21f15e808bc42e78da490902534839f99a1273,clinklet24@gizmodo.com,51,Action,379,Customer ,none
94940982,ndavidowsky2o,uWk77QrDd,495c72026c94b6269a2fd23b124f8cb28792105e932e9ec52874f64b080e1f11,rsanchis2o@latimes.com,63,None,0,Manager,none
94286828,ndiegan1p,4o2XIjUm,8940771fbac0b7152f11f0bf0c7d0176f59d5c74f7ae0107b4d13c4176ba1abe,cferenczy1p@goo.ne.jp,32,Drama,368,Customer ,back
82243232,neasseby2m,KAMlwk,440799d959600956f747c3fa346dc6fdfa22d08aee5db6386cf18cb4b3316c22,biddon2m@godaddy.com,65,None,0,Staff,none
91714545,oallaway1k,lbNDvwY,297604f004b5cfbbf0fb0ad34b372a74b3a4e10f405a3ba3ee58054b0deaac0f,opierrepoint1k@soundcloud.com,88,Crime,402,Customer ,back
96218194,opressliek,qS9TXbLoIWSb,46595b4bfa212dd545def819f7226aebdc04493b82dbe3fd8de47b0abb7e976e,tleggisk@earthlink.net,68,Romance,419,Customer ,front
87824189,pbulch3,6Y6WpzxsK7,d4aa87c465f6cb98c1469c41d7d8506c5241d0ca28cdc7ec961276c3ec8e112f,vduke3@yellowbook.com,85,Horror,258,Customer ,center
95763718,rclowton1i,doDUQ6u,467b3daa5c199e8aef362d884450561511a0c8d5f83d653128c0cb64d7a5b55a,kburchell1i@amazonaws.com,63,Comedy,174,Customer ,back
87540236,rlanawaym,OXm9QmsNSgD,e87067edbb4219345c29a921827c8cf4496980c6689e6b859147e2760a47c3f2,mlanawaym@phpbb.com,88,Drama,310,Customer ,front
99060729,rmaccaghan29,O3NuaOIz1,3a6346a65df6fc39ef156bfdf24134412ae1f184d4bb8d9c7b69e7d64b0a9a95,cminett29@woothemes.com,95,Drama,441,Customer ,front
95769665,rmcclaughlin1j,JeQFHjE,632145d2df2ea5ca0cc7a006e1e41a99f25fc35f48b9a5aa962efc55dca74e40,cfrancesconi1j@youtu.be,71,Crime,390,Customer ,center
99684759,roliff1c,teyZ3tnCrReV,3d2da16f55d6400fbe4b16a5f2f54a92ca7297b9dfa06c85529b822e37bb0640,roliff1c@booking.com,20,Drama,159,Customer ,back
83918828,rschulkins23,4m1gZy29GV5g,41514b39f06c10efe2dcf711bf4708d7849e9826975ae4910656b5e13d2ae914,mlongstaffe23@oakley.com,53,Action,530,Customer ,center
85279247,sbrockbank2c,2zha21Y3g,26fd56d7c1f7f369a60c84c783fa9559bd2b20078b93e848554c1955c255ae3a,lfer2c@go.com,20,Thriller,375,Customer ,none
93426503,sbrownlow1l,xUWpAF,4bd38c844d3eaf6766a45c547da7a23c2b5dee17861c32ea90857c529ef65554,cvanthoff1l@ted.com,83,Romance,919,Customer ,front
89123634,sgrandhamd,G4Rm75ndt,23a96237bd01ff933ce3a3881041633f7d842150eeee075f5978099e4836284a,gbichenod@washingtonpost.com,49,Drama,570,Customer ,back
86661196,sjiggen13,MhgouQ0Z8,6cb02b973a188e5501983b150583efc51475d5c33a7d688105f2bdede150b9bd,jwealthall13@sourceforge.net,28,Action,367,Customer ,none
98934206,solijve16,dPDea8K,481db33b8ff9ee6519aa6d31dde284484ec74859ac6f47762e5bbbac63ec703c,kdecarolis16@prweb.com,85,Drama,860,Customer ,none
89371231,spolin20,v4KLpH4iuKZ,62112c7e4051d05797c7849444c964b67bc9c050c587b6c18203150dc6938a19,spolin20@taobao.com,23,Action,705,Customer ,center
81462676,sscates11,wla8Hbx,9a6ee6601280ca67b4d8761423cbc27052e6ba03a530a24c1af77c994456c6b3,bgresch11@census.gov,30,Animation,252,Customer ,back
89239268,ssydallx,u7F0OuKQYl,c338f8ee6c3335ebbfb909b004643820b2684dda0cc4a1efdbfec9271b1e3b09,fmacdwyerx@bizjournals.com,59,Comedy,558,Customer ,front
86835431,tdahls,BuKaQ6DD,0fbddca10288ddd4002b5c501faacc236fb0125b28166e0f9f4c12c45c520039,epickrills@unicef.org,95,Crime,619,Customer ,none
98797669,tducrow5,Z7HFygTVMLgG,cbc5ee0c0eb7b972052f62e291da5602955b3a630c0ca1b3ef5b6679c470a567,dducrow5@t.co,12,Documentary,972,Customer ,front
93479986,tnerneyp,8NoAWLG4,078fe7306508e2c637c5e5c355e4ff2fdb9596ec9d06111c9500d379648d24f2,bperillop@quantcast.com,32,Drama,776,Customer ,none
97792623,vfrancescocciou,H1fMtYvCs,f1cc9a1e9eca1746983925fa5b5f6e03c830a1e44d1b31c303715adde751ef36,omosebyu@51.la,81,Action,220,Customer ,center
87624927,vqueen1a,0wQOvb2i,b9095a95caf033988d58d05c2c55e33977aee387912423230b010a360f686fc6,mnewbury1a@admin.ch,57,Comedy,1000,Customer ,back
87338947,wworge1g,BWd2UgoxDfJ,a3d318738a59b02e19761cd9faacd07ac97295be53e57c0e55a05186af0f1fb2,calliband1g@goo.ne.jp,20,Crime,443,Customer ,back
